cycle, data_in, wen, ren, data_out, valid_out
@0, [0 0 0 0], 0, 0, [0 0 0 0], 0
@1, [0 0 0 0], 0, 0, [0 0 0 0], 0
@2, [0 0 0 0], 0, 0, [0 0 0 0], 0
@3, [0 0 0 0], 0, 0, [0 0 0 0], 0
@4, [0 1 2 3], 1, 0, [0 0 0 0], 0
@5, [0 0 0 0], 0, 0, [0 0 0 0], 0
@6, [0 0 0 0], 0, 0, [0 0 0 0], 0
@7, [0 0 0 0], 0, 0, [0 0 0 0], 0
@8, [4 5 6 7], 1, 0, [0 0 0 0], 0
@9, [0 0 0 0], 0, 0, [0 0 0 0], 0
@10, [0 0 0 0], 0, 0, [0 0 0 0], 0
@11, [0 0 0 0], 0, 0, [0 0 0 0], 0
@12, [8 9 10 11], 1, 0, [0 0 0 0], 0
@13, [0 0 0 0], 0, 0, [0 0 0 0], 0
@14, [0 0 0 0], 0, 0, [0 0 0 0], 0
@15, [0 0 0 0], 0, 0, [0 0 0 0], 0
@16, [12 13 14 15], 1, 0, [0 0 0 0], 0
@17, [0 0 0 0], 0, 0, [0 0 0 0], 0
@18, [0 0 0 0], 0, 0, [0 0 0 0], 0
@19, [0 0 0 0], 0, 0, [0 0 0 0], 0
@20, [16 17 18 19], 1, 0, [0 0 0 0], 0
@21, [0 0 0 0], 0, 0, [0 0 0 0], 0
@22, [0 0 0 0], 0, 0, [0 0 0 0], 0
@23, [0 0 0 0], 0, 0, [0 0 0 0], 0
@24, [20 21 22 23], 1, 0, [0 0 0 0], 0
@25, [0 0 0 0], 0, 0, [0 0 0 0], 0
@26, [0 0 0 0], 0, 0, [0 0 0 0], 0
@27, [0 0 0 0], 0, 0, [0 0 0 0], 0
@28, [24 25 26 27], 1, 0, [0 0 0 0], 0
@29, [0 0 0 0], 0, 0, [0 0 0 0], 0
@30, [0 0 0 0], 0, 1, [0 1 2 3], 1
@31, [0 0 0 0], 0, 1, [16 17 18 19], 1
@32, [28 29 30 31], 1, 0, [0 0 0 0], 0
@33, [0 0 0 0], 0, 0, [0 0 0 0], 0
@34, [0 0 0 0], 0, 1, [4 5 6 7], 1
@35, [0 0 0 0], 0, 1, [20 21 22 23], 1
@36, [32 33 34 35], 1, 0, [0 0 0 0], 0
@37, [0 0 0 0], 0, 0, [0 0 0 0], 0
@38, [0 0 0 0], 0, 1, [8 9 10 11], 1
@39, [0 0 0 0], 0, 1, [24 25 26 27], 1
@40, [36 37 38 39], 1, 0, [0 0 0 0], 0
@41, [0 0 0 0], 0, 0, [0 0 0 0], 0
@42, [0 0 0 0], 0, 1, [12 13 14 15], 1
@43, [0 0 0 0], 0, 1, [28 29 30 31], 1
@44, [40 41 42 43], 1, 0, [0 0 0 0], 0
@45, [0 0 0 0], 0, 0, [0 0 0 0], 0
@46, [0 0 0 0], 0, 1, [16 17 18 19], 1
@47, [0 0 0 0], 0, 1, [32 33 34 35], 1
@48, [44 45 46 47], 1, 0, [0 0 0 0], 0
@49, [0 0 0 0], 0, 0, [0 0 0 0], 0
@50, [0 0 0 0], 0, 1, [20 21 22 23], 1
@51, [0 0 0 0], 0, 1, [36 37 38 39], 1
@52, [48 49 50 51], 1, 0, [0 0 0 0], 0
@53, [0 0 0 0], 0, 0, [0 0 0 0], 0
@54, [0 0 0 0], 0, 1, [24 25 26 27], 1
@55, [0 0 0 0], 0, 1, [40 41 42 43], 1
@56, [52 53 54 55], 1, 0, [0 0 0 0], 0
@57, [0 0 0 0], 0, 0, [0 0 0 0], 0
@58, [0 0 0 0], 0, 1, [28 29 30 31], 1
@59, [0 0 0 0], 0, 1, [44 45 46 47], 1
@60, [56 57 58 59], 1, 0, [0 0 0 0], 0
@61, [0 0 0 0], 0, 0, [0 0 0 0], 0
@62, [0 0 0 0], 0, 1, [32 33 34 35], 1
@63, [0 0 0 0], 0, 1, [48 49 50 51], 1
@64, [60 61 62 63], 1, 0, [0 0 0 0], 0
@65, [0 0 0 0], 0, 0, [0 0 0 0], 0
@66, [0 0 0 0], 0, 1, [36 37 38 39], 1
@67, [0 0 0 0], 0, 1, [52 53 54 55], 1
@68, [64 65 66 67], 1, 0, [0 0 0 0], 0
@69, [0 0 0 0], 0, 0, [0 0 0 0], 0
@70, [0 0 0 0], 0, 1, [40 41 42 43], 1
@71, [0 0 0 0], 0, 1, [56 57 58 59], 1
@72, [68 69 70 71], 1, 0, [0 0 0 0], 0
@73, [0 0 0 0], 0, 0, [0 0 0 0], 0
@74, [0 0 0 0], 0, 1, [44 45 46 47], 1
@75, [0 0 0 0], 0, 1, [60 61 62 63], 1
@76, [72 73 74 75], 1, 0, [0 0 0 0], 0
@77, [0 0 0 0], 0, 0, [0 0 0 0], 0
@78, [0 0 0 0], 0, 1, [48 49 50 51], 1
@79, [0 0 0 0], 0, 1, [64 65 66 67], 1
@80, [76 77 78 79], 1, 0, [0 0 0 0], 0
@81, [0 0 0 0], 0, 0, [0 0 0 0], 0
@82, [0 0 0 0], 0, 1, [52 53 54 55], 1
@83, [0 0 0 0], 0, 1, [68 69 70 71], 1
@84, [80 81 82 83], 1, 0, [0 0 0 0], 0
@85, [0 0 0 0], 0, 0, [0 0 0 0], 0
@86, [0 0 0 0], 0, 1, [56 57 58 59], 1
@87, [0 0 0 0], 0, 1, [72 73 74 75], 1
@88, [84 85 86 87], 1, 0, [0 0 0 0], 0
@89, [0 0 0 0], 0, 0, [0 0 0 0], 0
@90, [0 0 0 0], 0, 1, [60 61 62 63], 1
@91, [0 0 0 0], 0, 1, [76 77 78 79], 1
@92, [88 89 90 91], 1, 0, [0 0 0 0], 0
@93, [0 0 0 0], 0, 0, [0 0 0 0], 0
@94, [0 0 0 0], 0, 1, [64 65 66 67], 1
@95, [0 0 0 0], 0, 1, [80 81 82 83], 1
@96, [92 93 94 95], 1, 0, [0 0 0 0], 0
@97, [0 0 0 0], 0, 0, [0 0 0 0], 0
@98, [0 0 0 0], 0, 1, [68 69 70 71], 1
@99, [0 0 0 0], 0, 1, [84 85 86 87], 1
@100, [96 97 98 99], 1, 0, [0 0 0 0], 0
@101, [0 0 0 0], 0, 0, [0 0 0 0], 0
@102, [0 0 0 0], 0, 1, [72 73 74 75], 1
@103, [0 0 0 0], 0, 1, [88 89 90 91], 1
@104, [100 101 102 103], 1, 0, [0 0 0 0], 0
@105, [0 0 0 0], 0, 0, [0 0 0 0], 0
@106, [0 0 0 0], 0, 1, [76 77 78 79], 1
@107, [0 0 0 0], 0, 1, [92 93 94 95], 1
@108, [104 105 106 107], 1, 0, [0 0 0 0], 0
@109, [0 0 0 0], 0, 0, [0 0 0 0], 0
@110, [0 0 0 0], 0, 1, [80 81 82 83], 1
@111, [0 0 0 0], 0, 1, [96 97 98 99], 1
@112, [108 109 110 111], 1, 0, [0 0 0 0], 0
@113, [0 0 0 0], 0, 0, [0 0 0 0], 0
@114, [0 0 0 0], 0, 1, [84 85 86 87], 1
@115, [0 0 0 0], 0, 1, [100 101 102 103], 1
@116, [112 113 114 115], 1, 0, [0 0 0 0], 0
@117, [0 0 0 0], 0, 0, [0 0 0 0], 0
@118, [0 0 0 0], 0, 1, [88 89 90 91], 1
@119, [0 0 0 0], 0, 1, [104 105 106 107], 1
@120, [116 117 118 119], 1, 0, [0 0 0 0], 0
@121, [0 0 0 0], 0, 0, [0 0 0 0], 0
@122, [0 0 0 0], 0, 1, [92 93 94 95], 1
@123, [0 0 0 0], 0, 1, [108 109 110 111], 1
